inflation_rate,crude_oil_price,stock_market_index,currency_exchange_rate,gold_price
3.6218,86.3357,4681.7575,78.9895,1821.08
7.655,83.5427,4991.7035,77.7056,2020.83
6.124,51.7949,3626.1697,74.3228,1991.83
5.1906,73.8873,4562.1852,70.097,1917.12
2.0921,76.6137,4429.365,77.4436,1749.6
2.092,77.9176,5082.0759,74.2844,1703.46
1.4066,90.6121,5265.2177,81.0191,1657.74
7.0632,87.3522,3030.3919,70.3592,2191.58
5.2078,92.5534,4685.0498,78.7724,1954.4
5.9565,103.5418,3129.5895,84.1221,2182.3
1.1441,106.909,4372.1467,72.6161,1796.23
7.7894,100.2686,3719.0818,77.0747,2194.21
6.8271,116.8867,3766.9415,71.3713,2204.04
2.4864,51.2763,3882.3963,79.3852,1776.22
2.2728,63.7045,4553.2311,78.258,1738.43
2.2838,50.5294,3835.1249,76.1105,1744.02
3.1297,95.3232,4831.7476,77.8207,1806.64
4.6733,112.8621,4011.3185,83.4486,2042.31
4.0236,67.0438,3170.883,72.9444,1988.72
3.0386,114.8924,4959.3996,70.3385,1842.32
5.283,54.2187,3714.3958,82.925,1946.75
1.9765,115.4105,4081.9172,78.6568,1886.97
3.045,74.6136,4713.6097,83.3599,1779.09
3.5645,57.0995,3831.1404,78.9542,1863.67
4.1925,84.011,3141.4641,82.1524,1991.3
6.4962,67.9744,3934.8026,76.4451,2047.96
2.3977,69.9411,5361.1215,81.2479,1663.86
4.5996,71.5103,4604.336,83.6956,1891.92
5.1469,106.2118,4678.6979,78.5818,1941.13
1.3252,87.7413,4580.7054,72.7118,1753.33
5.2528,71.7915,3497.4803,74.032,2020.22
2.1937,92.7234,4045.8347,72.9797,1855.98
1.4554,100.1305,4877.3495,73.7029,1721.05
7.6422,69.0837,3253.4322,74.5962,2147.61
7.7594,78.9484,3694.6319,78.327,2103.79
6.6588,58.532,3690.7978,78.8199,2022.1
3.1323,62.6805,4080.0473,76.3975,1845.64
1.6837,97.6782,5450.9219,79.2313,1722.05
5.7896,62.7007,3168.7564,71.2236,2036.57
4.0811,86.7614,4296.7525,71.3168,1873.89
1.8543,99.6332,3448.4117,72.5774,1921.96
4.4662,57.4814,5426.6914,77.7712,1741.49
1.2407,89.7119,3283.2588,73.2099,1809.8
7.3652,67.9594,4009.0025,74.2493,2068.2
2.8115,117.4049,4844.7125,76.0047,1863.02
5.6377,83.8482,4761.3861,82.178,1968.69
3.182,106.4195,4056.8216,70.2079,1897.4
4.6405,88.5159,3866.3104,79.7407,1906.88
4.827,53.0389,3994.0309,80.0331,1901.57
2.294,94.3206,3660.6907,81.9798,1914.69
7.7871,116.5982,3513.3323,83.9913,2213.24
6.4259,92.1128,4207.5992,70.3021,2011.81
7.5765,107.3432,3671.3344,72.3068,2257.39
7.2638,111.8945,3718.6542,83.2926,2188.36
5.1853,65.9656,4641.8902,76.8778,1893.58
7.4531,64.8431,5421.3433,78.4689,1894.07
1.6194,92.7687,4509.093,79.9454,1729.65
2.3719,78.772,3192.4487,80.186,1912.3
1.3166,108.7903,3188.959,83.9761,1938.23
3.2773,113.0016,5378.5581,84.9542,1825.95
3.7207,74.7395,3743.227,80.8024,1916.9
2.8994,66.5809,3230.1675,74.3083,1906.48
6.8012,104.6368,4497.6115,83.1963,2072.93
3.4973,69.2364,4559.1219,70.7383,1766.55
2.9665,107.583,4621.2621,73.4662,1877.51
4.7989,79.6617,3668.5051,83.4608,1948.7
1.9865,96.7285,3037.7767,73.8429,1896.87
6.6154,56.6875,5412.5384,73.3098,1859.68
1.5219,93.6702,3627.2326,72.0719,1868.33
7.9082,81.6237,4690.0657,82.8867,2053.36
6.4057,91.0626,4766.5747,77.5009,1952.65
2.391,61.761,4525.0185,80.1234,1723.94
1.0387,101.5812,3782.2685,73.586,1831.47
6.7082,110.3958,3677.7406,81.3706,2125.79
5.948,65.1718,4494.1707,81.4001,1914.54
6.1031,56.7,5165.2391,74.689,1858.72
6.3989,51.6547,5366.8343,76.1602,1862.32
1.5183,94.938,3264.7645,73.1454,1886.02
3.5093,92.4966,3387.0715,84.6484,2013.88
1.8111,88.2688,5361.8406,79.684,1646.72
7.0417,66.2363,4841.3381,84.0182,1976.06
5.3631,77.3634,5207.4846,74.5508,1832.54
3.3163,91.6133,3506.5816,81.7284,1974.47
1.4449,84.7737,4468.9647,81.4879,1753.32
3.1769,119.145,4752.849,80.3748,1934.99
3.2763,59.5508,4700.2797,84.4846,1747.53
6.1072,98.6601,4020.3792,75.9033,2079.52
5.4629,78.3023,3038.4872,71.9608,2066.01
7.2105,79.974,4457.3151,80.0756,2030.88
4.3055,100.2318,3632.7538,80.9396,2019.39
1.8372,98.4705,4125.6356,78.6259,1822.27
5.9927,119.3879,5393.9525,73.1023,1968.01
6.3255,58.9876,3997.5883,77.5668,1978.77
4.9289,57.2877,5099.504,74.6828,1797.77
6.3968,100.7037,3471.3515,76.412,2141.19
4.4566,90.4871,4681.1512,79.6783,1920.4
4.6591,69.1912,5442.5174,81.1782,1806.54
3.9928,55.5594,3254.7328,73.4834,1897.02
1.1779,55.9961,3020.7999,76.0799,1832.65
1.7552,112.5934,4083.957,74.0374,1842.25
1.22,63.4307,3231.5637,72.9795,1820.59
5.4549,72.636,4870.9609,81.7508,1905.36
3.2005,65.8659,5286.3717,83.6388,1673.73
4.56,74.8497,4085.0524,75.5535,1922.27
7.353,54.8597,3646.7791,81.2692,2050.31
2.745,86.3342,4086.0083,83.4549,1850.7
3.8727,54.7329,4808.6195,82.6919,1807.41
6.2889,106.025,3022.6354,72.7422,2170.01
2.6016,66.3598,4473.635,84.3444,1754.97
1.5389,87.8008,4533.2292,75.6501,1758.49
3.0283,111.6055,4594.2206,75.0886,1900.78
2.1285,95.5614,3605.0552,70.9365,1887.69
7.5079,87.307,4785.1318,77.2926,2060.25
6.6568,72.7034,3228.4787,71.6352,2112.48
5.4338,73.3101,3498.1758,73.7281,1961.29
7.1002,96.8641,5193.6751,74.7541,1976.7
6.6257,119.5898,4846.8079,82.1324,2054.73
2.306,96.3287,3034.3639,83.1323,1989.37
7.2479,89.0448,3620.9407,74.537,2069.1
4.7754,101.1455,3536.0162,82.8805,2126.08
6.6521,82.5644,3677.0158,82.8585,2108.88
7.2726,54.21,3618.8994,81.4698,2063.19
3.226,89.3608,3156.3157,72.2004,2006.91
1.7704,117.0338,4147.3513,80.3548,1945.49
2.5955,62.2712,4831.8337,84.1754,1750.3
3.9898,98.3003,4516.8293,80.2381,1937.63
6.7261,64.0654,4682.1792,74.9743,1943.98
7.0251,87.5079,3202.8729,77.5087,2162.46
1.0487,56.7674,5378.7268,79.6859,1564.11
4.5752,81.526,5096.2296,77.6586,1818.79
3.9219,102.9314,5012.7258,71.7993,1842.67
2.5548,74.33,5057.4595,74.681,1686.07
1.8391,96.5438,5331.7763,82.0359,1721.29
3.3633,105.6815,4360.6349,82.9213,1878.57
7.6004,114.9024,3500.705,72.0595,2230.07
3.2624,66.4249,4541.959,84.2858,1800.51
4.6315,77.9521,4857.2037,74.9323,1856.81
5.9211,60.6691,4844.7935,79.9347,1870.1
3.5454,119.4738,4303.6226,81.2774,2044.43
7.8025,114.8901,3171.1468,82.1792,2317.51
7.7371,87.797,3927.7823,84.1862,2108.74
2.7625,108.9423,5301.9165,74.6938,1798.15
4.4807,86.4671,4461.1223,82.8776,1903.21
3.1061,93.651,4345.8299,71.9753,1837.45
2.9939,56.2387,3672.1338,80.5756,1810.44
1.2582,102.8689,3921.1223,81.1297,1860.47
5.267,58.9399,5238.3652,80.1658,1790.08
4.5188,107.8247,4666.1576,73.7847,1963.76
1.3604,104.742,4968.4676,83.0956,1782.51
2.9505,99.6121,4135.8636,72.5329,1926.12
7.3579,52.5312,4575.618,70.8045,1926.56
2.6769,71.219,3620.959,80.762,1882.83
2.0143,68.4179,4763.6521,77.1321,1726.9
4.4262,75.2095,4069.0033,82.7365,1914.68
7.8996,56.135,4106.3638,75.751,2019.01
2.6944,115.587,4623.3058,72.5242,1910.38
5.7049,88.7662,5340.7016,82.5466,1902.6
6.3313,71.3867,3160.0159,78.2336,2112.28
2.6635,77.7887,5061.8581,72.8379,1710.16
6.0975,81.3042,3730.9578,80.8058,2025.77
3.5745,92.0416,4109.7986,77.6667,1900.11
5.4261,86.0976,3054.7833,79.0647,2096.57
5.4347,114.3574,3752.6152,76.9135,2071.13
4.7504,84.7874,4256.5781,82.4306,1947.23
1.632,119.4511,3140.4402,82.4434,1947.64
6.8471,109.5997,4227.7393,80.6408,2086.54
3.2455,64.5957,5317.7766,71.581,1716.13
2.3056,115.1417,3263.483,82.5828,2015.76
1.2854,58.1456,4911.1018,80.0652,1628.83
5.1363,107.2215,4024.1776,80.4554,2017.69
5.743,76.6436,4637.9343,75.4447,1902.45
1.1161,111.4582,3650.5915,83.1892,1884.84
4.5847,110.764,3398.7307,80.8806,2103.7
2.5855,106.4148,3401.1565,71.6889,1985.93
5.5162,105.3021,3176.2299,76.1167,2123.2
2.2206,71.3275,3464.1168,83.2957,1839.04
5.8366,55.6643,4660.5485,70.708,1877.69
3.7071,78.2086,5204.2265,84.4212,1766.5
7.5571,62.1467,5035.3142,80.1874,1937.02
1.9626,98.6466,4712.8358,79.4706,1825.8
3.3875,74.227,3276.0797,74.0584,1959.1
1.7943,118.2927,3722.9686,73.7319,1927.7
7.4729,94.868,3774.5172,84.1309,2127.76
7.1414,107.5736,3624.8924,74.4741,2180.51
2.8056,59.2767,4287.5141,81.6326,1808.74
5.6199,110.341,4338.8845,75.8968,2027.41
6.7206,114.593,3892.2149,72.0888,2175.2
4.8864,84.0943,3884.4729,70.1607,2003.67
4.7076,92.4377,5071.389,78.1639,1918.17
2.693,103.5367,4973.2321,84.6367,1830.75
1.6517,62.2387,3769.4896,75.537,1789.22
7.2805,85.1796,5284.4711,75.3579,1996.92
7.3029,77.9064,5382.0375,75.1614,1945.64
5.4317,60.2462,3816.8564,77.8082,1944.7
3.3732,75.7274,3886.0624,76.61,1873.07
3.4445,54.7721,4264.0854,83.1987,1813.51
6.0817,51.8068,5352.802,77.5828,1782.43
7.2798,59.4616,5190.7986,77.6164,1906.41
7.2096,117.4181,3256.4199,72.0756,2263.91
6.4591,88.4671,3981.8269,84.7411,2018.27
5.4942,117.6076,4383.428,73.7496,2079.37
1.589,80.2749,4257.8312,71.1005,1789.06
2.1314,71.8271,3484.6577,79.9472,1846.1
7.2899,85.4299,5147.0419,78.9305,1995.35
5.245,80.7658,4692.352,76.2272,1909.35
1.0644,57.3965,5094.7709,76.3329,1632.48
1.7103,94.8578,5146.9107,81.776,1755.2
5.6445,65.1227,4870.8896,72.9357,1832.35
1.0354,93.3712,4098.0265,82.3038,1813.53
2.1257,95.5141,4526.3669,79.7312,1806.89
4.8411,60.6417,3400.9135,76.2845,1970.07
5.8433,54.2945,4684.1135,76.8704,1856.59
5.5637,104.6533,3448.1331,73.8497,2149.48
2.5699,82.186,4734.874,81.2817,1808.4
5.9853,54.0715,3573.9954,77.6931,1975.09
2.6607,119.6406,3293.8783,74.8128,1981.6
3.2778,54.0446,3413.2112,78.9408,1866.45
6.2254,98.6525,3004.9803,84.936,2195.67
5.5474,118.8575,4796.849,76.5289,2015.63
6.9446,66.7426,4831.0026,83.8104,1988.03
5.6033,59.9575,4287.3334,75.1753,1933.84
4.9782,58.4969,3403.407,70.821,1985.28
1.6557,71.2293,3208.8858,73.0636,1857.74
3.574,57.0732,3047.8224,76.2804,1896.29
2.8564,98.4513,3414.3704,73.2945,1952.56
2.7079,54.3604,5227.1388,70.0034,1680.09
7.8111,85.6595,3603.8421,83.725,2168.62
3.7517,119.7688,3885.6783,82.6582,2035.0
7.2443,106.9779,3263.3637,81.1344,2217.06
5.418,93.0654,3555.9033,72.5172,2031.0
6.5637,71.4378,4298.0614,71.8055,1981.6
4.5185,93.6727,4519.3817,71.0141,1922.41
5.0383,86.8929,3613.3808,80.8604,2012.71
4.4476,79.8258,3144.3304,83.9321,2027.52
2.3667,59.1497,3977.5822,76.458,1759.65
6.0572,112.0623,3585.5084,71.7871,2160.12
2.9654,81.4849,3548.8848,77.6859,1906.26
1.1702,63.6236,5399.657,75.2325,1626.77
5.5183,75.7432,4540.7512,75.6224,1962.85
2.2398,78.9891,4392.1961,79.32,1787.2
7.5832,107.9277,4039.4378,80.7808,2141.0
7.6775,101.353,4072.3608,71.6591,2085.36
7.4041,103.8513,4352.2625,70.5339,2063.6
3.5911,50.7722,4741.0745,84.915,1725.41
1.1082,79.1308,4755.3652,73.4909,1722.4
7.4982,83.6941,3429.2348,70.8075,2150.33
3.9973,51.3435,4250.2819,72.8481,1822.21
7.7666,68.1869,4029.8952,70.5844,2006.17
7.7453,103.2203,5176.3174,75.8772,2011.55
6.9711,59.5977,4578.5473,82.036,1984.92
3.0611,87.4717,4331.2602,75.1187,1858.46
3.6957,65.0641,3288.4866,76.6628,1929.91
6.958,50.8485,4514.0947,80.1338,1957.93
3.2185,66.8841,3293.0098,77.6334,1956.18
2.1864,118.3112,3843.0164,82.9217,1939.66
4.8976,106.1076,3357.1049,82.9905,2100.66
7.5531,117.1704,4730.1841,70.1487,2107.6
5.8722,84.1498,3515.6303,81.6707,2134.73
4.9904,57.6815,3979.6484,76.911,1858.64
1.6802,88.3572,5239.1869,84.8326,1725.32
5.3051,81.8064,3510.791,77.2485,2031.69
7.9304,109.105,4269.5127,84.8034,2183.7
1.9806,56.8658,4048.1792,81.3185,1741.92
4.6283,84.1769,3045.3101,73.7291,2046.7
7.1416,60.5034,4981.8953,78.0759,1945.05
6.1854,72.7273,3172.6148,84.882,2178.97
5.8791,101.615,4185.6376,82.863,2073.92
5.9174,83.3213,4401.6957,71.4605,1949.99
3.5164,76.3122,4571.0661,80.5956,1819.8
3.0551,77.6133,4721.5791,75.1837,1776.07
6.6655,82.1613,3633.181,70.1047,2035.63
6.6708,104.9512,3024.9469,76.0522,2199.25
7.0695,112.4459,4808.6092,73.5213,2082.33
7.3927,116.8734,4339.1415,82.283,2119.47
4.5794,105.0832,5090.2943,75.06,1921.45
4.5106,72.0785,5053.4709,82.4129,1836.19
6.5881,98.1694,5108.3154,70.009,1950.65
5.5497,80.6322,4212.7366,74.6173,1966.18
5.9138,67.8269,3834.071,73.6175,2032.23
6.5705,108.861,4978.8955,73.5035,2031.38
7.23,52.6898,4128.2353,71.0228,1987.16
3.366,113.1233,3458.6055,72.8069,2008.51
3.6291,82.3034,5137.435,78.3332,1792.88
1.6579,94.6041,5206.3997,74.3704,1697.53
5.048,96.1548,4165.7744,76.2609,1937.98
1.2516,112.6582,3189.2493,75.653,1989.83
4.2592,94.5669,3969.5652,83.1386,1981.01
4.7985,92.9754,5008.8441,83.5795,1906.8
3.0058,54.6656,5254.4351,77.3944,1676.15
5.1358,86.2886,3508.6819,74.9523,2015.7
1.2135,60.5118,3167.434,71.602,1797.97
1.2614,101.6204,5193.3761,84.301,1684.25
6.7582,85.8555,3973.5123,70.9034,2118.48
3.5213,97.6159,4354.4024,74.4648,1865.5
1.8894,52.9171,5420.1645,74.471,1570.65
4.6557,55.9354,3166.4118,74.806,1957.19
6.39,100.1426,4620.795,72.4643,2048.67
2.5107,55.0459,3185.2636,81.7474,1867.61
5.3602,54.988,3938.6723,71.8375,1888.47
1.5974,50.8476,5009.5364,79.5236,1656.68
1.3618,116.9551,4083.6806,71.8577,1878.17
4.7195,101.6256,5492.9559,71.058,1860.79
4.7844,74.7276,4397.6482,83.6414,1929.63
5.462,70.7575,3802.9054,72.8519,2038.84
6.0826,74.4792,3550.2783,82.3188,2113.41
7.831,104.2257,3876.3013,78.1695,2164.57
4.6141,96.2959,3931.3332,71.1678,2025.66
3.2607,62.9637,3171.7842,84.3317,1939.34
6.5663,62.1877,3923.9355,73.7044,2014.42
2.8958,56.8877,4160.5963,82.8947,1752.99
4.0728,96.2212,4806.8444,72.5322,1868.05
1.5492,103.5061,4641.8237,82.8091,1775.94
1.1775,68.5532,4771.9141,70.1984,1679.06
7.7385,51.4661,3020.9092,77.6767,2156.79
6.8519,55.752,3544.1685,81.5416,1998.01
5.8718,117.7502,4654.2107,84.0219,2048.03
3.8627,70.6811,4209.9734,83.638,1902.34
2.2131,103.8456,3013.2837,82.2944,1987.71
2.0951,93.7264,5011.2366,83.3229,1781.16
2.7517,76.7358,4932.0239,72.9883,1754.48
4.8446,64.3981,4371.0479,74.2628,1886.06
6.0022,58.497,3166.1583,74.3345,2034.45
5.6214,93.0509,4916.2876,75.6558,1905.14
2.9595,104.2244,4459.284,75.8998,1848.42
7.6841,95.0733,4954.8999,78.1683,2061.38
6.1653,87.1211,4879.3675,72.3982,1947.21
4.8805,52.9366,5007.5052,80.3687,1792.71
5.282,117.7942,4295.0202,72.5135,2027.26
3.9372,105.91,3350.8113,74.6546,2030.91
2.7341,70.4975,4677.8937,77.5502,1787.66
3.4918,118.5979,4551.1845,81.9466,1930.51
6.3049,92.1317,4855.633,81.092,1948.12
1.1008,90.7696,3424.7025,79.683,1877.61
1.8125,102.3651,3487.438,72.3366,1901.18
1.322,106.8239,5226.0238,78.2057,1728.65
1.2851,95.9535,4874.9445,71.3117,1763.8
6.9882,58.9667,5270.5712,75.6604,1882.75
5.9256,73.6787,4896.7883,76.2027,1912.33
4.3192,114.9659,4492.8883,70.5972,1930.51
1.6848,65.7231,4635.3318,74.1098,1690.69
4.4413,76.0517,5222.8198,84.3347,1831.65
4.3143,80.2454,4447.0169,84.3045,1859.2
2.2124,80.7583,4580.9783,75.2849,1772.37
4.037,92.9058,3391.1918,70.6465,2003.48
3.7895,116.0153,4184.8031,72.6864,1971.1
5.311,66.8485,4790.9928,75.8833,1893.32
5.4457,58.5051,3677.3567,84.2167,1985.5
1.3171,63.8229,3505.6355,72.118,1819.98
3.6223,112.0847,3784.567,81.4527,1980.21
5.381,95.2068,3603.7516,71.6302,2057.54
4.522,70.0135,3537.2816,84.7189,1976.59
6.9954,107.1163,4062.1271,75.7242,2098.2
5.6109,110.2959,5269.5963,81.6285,1975.67
2.1405,109.256,4267.6491,75.1389,1924.23
1.494,114.3249,3469.801,79.415,1932.23
5.4969,67.6569,3192.4292,72.8802,2046.69
1.1856,102.8529,4740.3904,72.1903,1752.77
5.1004,82.2378,3956.9969,84.071,1973.18
7.5816,108.9399,5054.5774,83.7647,2026.1
5.0283,100.9943,4648.7769,83.312,1946.35
3.7172,104.3513,4990.6036,79.3815,1831.95
5.503,95.9313,3679.8651,82.124,2112.78
4.2078,62.42,4730.8973,71.0356,1797.02
4.8193,88.1519,3660.155,75.0218,1999.21
7.5903,118.9269,5347.6712,74.7055,2076.35
3.7027,115.6172,4590.9357,79.5347,1906.34
7.7283,53.0222,3811.2795,75.3394,2031.68
7.3375,61.537,3673.7797,72.2276,2063.38
2.3705,59.221,3477.3165,78.947,1862.99
1.4855,100.8186,4736.6024,82.2158,1788.53
1.7054,107.245,3546.789,75.7319,1918.51
1.1276,64.9458,4488.2582,71.984,1679.85
1.6611,85.4097,3661.5876,72.9503,1849.85
5.781,108.8492,4654.9224,73.5622,2011.07
1.4983,101.2961,5037.3493,74.4985,1710.42
3.2328,87.9566,4945.0631,79.6419,1807.64
6.9141,91.3243,4902.1283,79.0142,1975.48
1.1629,85.5852,3469.306,80.4412,1847.87
6.7013,70.8284,3220.9624,75.4375,2091.18
2.973,89.5515,4747.3721,82.36,1884.82
1.8272,98.222,3920.868,73.0613,1853.42
5.8772,111.1326,4080.8656,77.0356,2044.05
5.4026,94.5404,3077.8727,82.0141,2118.36
7.1423,103.2785,3648.9411,72.7024,2172.45
6.1455,61.205,3084.191,71.6479,2101.17
6.6244,82.309,5197.9644,83.2553,1927.34
2.9742,50.6532,3608.4917,75.1439,1787.65
2.2421,67.2675,4393.3429,80.2581,1781.75
6.2543,100.8523,3097.4483,70.3802,2126.16
6.6478,119.4267,4667.1185,80.3507,2073.87
7.9335,56.9425,3807.5684,74.7415,2063.95
3.8883,78.1046,5244.798,70.8361,1769.71
3.6041,106.005,5220.2955,79.1472,1859.14
6.4349,64.2825,3813.2265,73.6121,1994.46
3.3856,88.8559,5252.4022,75.8021,1773.04
7.5153,101.315,5490.3942,71.2087,1986.47
7.0089,93.119,5063.5392,72.2074,1988.94
4.003,63.1617,5112.1784,74.4697,1760.98
6.2561,74.8769,3622.5218,71.3464,2055.66
6.2818,104.8654,4441.756,83.6624,2078.67
1.7219,88.7959,3168.1398,70.0907,1906.22
7.3179,50.3661,3237.2948,77.2579,2095.31
4.5368,103.2694,5497.2315,71.8487,1803.51
6.7852,52.4718,3816.5981,74.6152,2001.96
3.2403,102.2014,4870.4598,83.8909,1868.3
7.2687,64.1736,5016.6626,72.4254,1949.06
3.7244,117.0651,5145.0582,84.4875,1873.8
1.0759,75.7559,5494.0707,73.0869,1586.93
7.3377,72.8852,3603.7412,81.1235,2096.06
1.639,60.4222,3100.8771,78.2002,1853.63
3.2352,71.3923,4027.9788,83.2672,1888.19
7.6504,111.3656,3325.2017,78.3099,2235.69
7.6543,119.7434,3056.0647,78.0184,2316.19
5.0141,75.7817,3901.0671,72.9319,1962.54
5.4229,81.4027,4959.3456,72.4934,1884.35
4.1391,100.545,4415.4517,83.7473,1937.11
3.0525,112.0337,3781.945,74.9176,1985.56
3.3007,91.5131,4635.855,75.5812,1851.74
5.7076,77.4068,3580.0455,81.3974,2099.89
6.2666,78.8835,3035.9536,75.0824,2098.26
6.5411,98.6933,4910.8835,84.2809,2022.07
6.5273,50.2253,4559.3577,81.0689,1904.37
1.6384,93.3713,4905.7566,78.9614,1721.48
4.4609,74.8845,3097.345,83.2134,2025.07
1.4029,105.5938,5092.7991,70.7441,1734.4
4.8467,56.5093,4548.8155,73.8559,1912.47
4.0907,91.1742,4408.4884,76.9755,1902.48
7.2139,83.6681,4561.5351,73.4047,1995.57
3.4564,94.9628,5161.0831,81.1586,1822.68
1.8195,54.5398,4467.3413,83.7881,1654.4
2.0009,90.5989,4452.3759,76.3566,1793.54
6.3306,89.3039,5476.6979,75.132,1905.22
5.3275,89.2462,4891.8254,84.4233,1946.81
1.7079,92.2441,4105.7345,76.6728,1844.78
1.5887,97.3528,4768.4925,77.3357,1749.38
5.9068,106.3492,3973.0762,75.2747,2073.05
1.5093,68.8875,3572.1887,83.6432,1796.78
6.753,107.7535,4492.1297,78.5343,2047.42
5.9437,84.8779,5320.4552,81.4326,1907.23
1.5694,55.3941,5322.8488,82.1771,1576.1
1.5939,54.0986,3854.7632,75.1277,1731.79
7.9065,73.3967,4319.1937,76.5054,2036.77
3.6199,104.9428,3529.0897,82.7271,2028.28
3.5945,99.5377,5489.0778,75.4488,1837.87
6.6896,105.203,5452.7948,81.909,1942.53
7.6307,86.2088,4623.7723,84.1149,2014.53
7.902,80.8139,5011.0351,79.3482,2011.93
6.2736,60.3217,4787.7504,81.1244,1907.79
3.6338,72.9735,4482.8955,82.0765,1844.42
1.5845,80.3814,3133.37,82.6756,1879.7
6.44,56.202,4136.9109,75.9258,1957.69
4.9088,65.4428,4686.9658,70.769,1855.69
3.9696,91.8758,4693.829,76.0281,1898.84
7.3445,101.4964,3932.8065,80.1063,2098.97
1.7784,119.8843,5354.23,76.7553,1759.12
4.4484,115.3179,3418.3926,81.2344,2096.07
1.0795,94.9796,4250.8986,75.3547,1756.42
4.2806,79.4874,4727.2099,79.5212,1902.59
1.3941,94.5324,4742.8395,72.7963,1725.06
1.8317,104.9956,4621.5974,81.2405,1812.74
1.8227,58.2835,3688.2205,78.1854,1799.2
5.5445,78.6933,3390.5164,73.061,2029.71
6.2223,108.7862,4589.8508,74.3787,1989.5
5.0836,76.8683,4498.2553,81.2291,1907.65
7.7352,90.0311,3448.39,77.239,2208.59
3.6241,91.1439,4762.8479,73.2405,1834.22
3.0,62.9133,4137.93,84.5091,1799.09
7.0802,75.3565,4669.4015,80.7269,2019.69
2.5652,73.4158,5093.4177,84.357,1720.72
7.7426,51.8338,3424.3211,76.4066,2076.14
1.0851,51.6934,3047.8622,77.1265,1798.13
7.7892,108.2188,4947.7565,83.4693,2109.7
1.3021,69.115,4524.2436,77.8757,1761.83
7.238,86.2655,4749.0989,80.6092,2044.25
4.6939,70.9108,5095.3874,73.7826,1842.1
7.9508,115.8475,5007.0273,76.7009,2088.86
1.5166,68.1508,5402.3004,71.8517,1588.11
4.877,80.076,4339.8377,73.0897,1921.25
7.7851,111.0911,4221.2391,70.0142,2152.56
4.6617,108.9353,4004.718,70.589,1983.87
5.4058,63.0271,3384.2276,84.6593,2012.04
5.8702,106.185,4431.5181,73.6353,2036.26
4.1818,82.0731,3692.5313,79.9497,1973.95
5.3929,83.8078,5303.2688,82.5865,1885.32
5.0902,59.3436,4457.977,78.2599,1881.74
7.3081,55.6421,4482.1005,72.2972,1952.07
1.3181,100.9558,3887.3117,80.9217,1838.1
2.9667,84.7523,3129.9734,79.0038,1935.75
7.6529,80.5795,3079.3594,80.9688,2242.23
7.2318,101.0656,4058.3379,81.5462,2131.08
4.1896,103.5859,3211.4134,84.6312,2068.63
5.3409,61.1236,4517.1174,78.6034,1862.83
2.9417,92.7158,5202.4325,75.1246,1844.71
2.3168,59.4748,5207.287,79.727,1636.56
4.2459,102.5963,4647.6135,71.0266,1899.84
3.4735,95.9869,3528.0796,83.461,1996.42
5.0856,116.963,5157.4921,71.7907,1953.63
1.5441,54.8271,5215.2336,74.9176,1629.08
7.8208,53.9938,3491.634,82.2362,2145.4
7.9035,69.7531,4843.5652,78.9597,2016.29
5.8871,68.3194,3716.2989,75.9045,1980.98
4.7527,67.2885,5006.6008,77.1015,1814.42
3.1667,113.4378,5493.0947,82.8182,1824.54
6.6966,67.4682,3075.065,75.1001,2160.35
5.7931,69.0365,5243.4147,83.0447,1827.53
2.1383,103.1579,4556.5763,71.322,1846.2
7.3765,81.4818,5433.4565,81.652,1956.16
6.7578,104.3697,4162.5238,82.7132,2127.58
7.6486,54.5756,5118.4698,72.7273,1913.56
6.08,84.13,3155.9852,76.4552,2092.35
5.2939,52.353,3838.1976,72.4825,1939.25
3.9277,54.3857,3167.5413,80.5991,1952.85
7.5291,113.4506,5438.3578,78.0302,2057.59
7.0624,59.7472,5042.4348,79.5299,1917.21
1.3165,87.2694,5131.3686,72.9473,1665.29
1.1846,78.7767,5344.9131,73.1762,1592.47
3.6352,74.314,3212.7587,70.6225,1972.69
6.6739,112.9883,3963.994,74.831,2142.61
7.9109,51.5276,3177.5872,78.3962,2100.06
2.0529,96.4653,3526.9828,82.869,1901.95
5.1589,117.4376,3573.4144,80.0039,2102.54
3.6662,89.2118,4172.768,76.5309,1866.79
7.7894,115.5776,3671.4054,84.2968,2217.28
6.8948,53.6581,3252.4453,80.7887,2046.48
6.8683,79.3155,3418.7277,83.9525,2115.45
4.2809,68.211,3368.1889,77.9138,1946.15
3.9037,101.1575,5432.692,73.8836,1774.96
2.9138,118.6908,4898.2313,70.7924,1909.35
1.3946,67.9571,5419.4037,80.8913,1650.33
7.0531,95.7922,4099.3512,71.8195,2070.45
6.6903,63.8668,3695.9212,74.5416,2043.21
7.998,89.5731,4995.733,77.9871,2051.68
7.9765,82.4753,3815.6348,78.4662,2170.92
4.888,118.0404,3748.4584,79.0087,2062.7
6.3829,92.5969,3581.265,72.4938,2128.55
7.6134,74.4654,3324.1974,75.6961,2134.26
6.9475,57.9867,3641.1577,79.2579,2013.72
2.7314,60.5873,3888.2994,84.5473,1844.13
4.1538,65.7722,4684.9855,80.9145,1857.26
1.9041,67.5677,3156.4121,83.8391,1938.94
7.6784,109.5431,3526.2673,81.4332,2197.31
5.2432,89.2856,5022.5591,78.8758,1918.91
2.6005,86.6374,3367.3048,72.8804,1908.96
5.7019,58.0338,3856.6129,80.0003,1984.1
5.3269,110.2098,5161.6473,79.3507,1907.97
3.5071,100.597,3387.3133,79.037,1975.1
1.7949,54.7368,3206.8421,77.3468,1802.53
5.701,99.5485,4211.345,77.9298,2031.66
4.6422,88.0477,3756.0488,75.0166,1973.12
6.4062,55.7208,4408.5209,77.7897,1951.92
4.6411,82.081,5009.5122,72.9633,1871.43
6.9653,83.9287,3342.8712,82.0776,2161.9
4.8633,61.6042,4451.7477,72.7867,1901.65
4.9266,116.1989,4263.7719,71.2745,2027.76
7.1366,109.4983,3360.197,76.5437,2178.95
3.8244,96.8316,4559.9962,79.8746,1931.19
1.9381,82.3607,3684.101,76.5658,1834.12
1.2015,78.8236,4219.5858,74.1513,1769.16
6.286,95.5681,3205.6808,78.3726,2189.55
5.3422,88.1802,4148.9601,75.205,1996.89
5.9286,54.3591,3766.1587,83.993,1944.3
2.4907,85.8752,5055.953,83.8397,1736.43
1.9546,106.4483,3142.4468,77.5356,1998.98
1.1018,82.1468,4046.5182,74.9183,1763.96
3.4541,53.637,4146.0786,81.057,1815.77
5.1294,105.0395,4812.5152,70.5507,1962.62
3.7457,64.0955,4435.7189,77.1215,1837.04
4.0623,68.1035,4668.0308,75.0449,1826.11
7.3291,61.5294,4942.6232,83.808,1946.51
3.4378,73.1151,5155.5074,70.18,1736.58
4.5979,102.9726,3784.6887,78.2922,2047.74
6.4856,86.357,4345.0568,81.11,2041.17
3.7758,64.3417,5100.2702,77.2753,1749.1
5.3546,111.4481,5473.6278,71.281,1932.96
7.0365,111.5707,5223.7983,84.5869,2032.03
7.6466,110.9405,3928.6682,77.7702,2162.18
2.0295,66.7157,3487.9163,79.2128,1819.32
7.4861,81.5868,4223.4813,73.5491,2041.78
4.4448,118.9493,4854.1036,77.2525,1943.27
2.8077,104.0409,4231.4227,76.4372,1922.84
4.214,51.9017,4207.9522,71.1234,1806.21
7.8602,54.5643,5095.5761,71.5924,1931.97
4.4483,82.4752,3903.5094,82.5621,1945.68
3.3013,113.6454,5149.4867,73.5973,1838.12
5.4338,87.7091,4017.012,72.9244,1960.9
2.681,84.8469,3820.5828,77.5737,1874.96
1.531,57.3832,4134.9748,81.5312,1723.97
1.9022,95.9746,4906.1174,70.9292,1764.33
1.8963,107.5472,3315.0051,78.6521,1955.74
2.0633,76.6294,3491.048,71.7882,1823.36
1.9718,104.2928,5378.6121,70.5469,1754.39
5.4861,117.5134,3438.7291,70.7912,2135.66
2.2732,64.2637,4419.3183,82.5125,1761.11
3.4197,86.6331,4448.2862,71.7696,1850.16
7.2775,70.0997,4224.0612,70.6773,2009.79
4.3177,105.4998,4611.8631,76.5685,1938.75
5.6729,90.4315,3574.5668,82.6599,2088.15
2.2062,94.4208,4381.6557,73.9361,1775.43
2.346,105.854,3930.4331,76.3257,1889.91
1.2861,77.7179,4654.1681,70.5988,1692.71
2.1825,114.0563,3353.0589,76.7362,1980.47
2.9501,87.312,4427.1935,78.6642,1870.9
2.2391,61.0568,3463.1759,78.5636,1816.83
1.6209,98.7129,3696.6077,74.9864,1858.2
1.8445,105.5283,3546.7745,74.733,1900.65
4.2255,72.1733,3457.0944,71.5994,1933.36
2.4443,110.0025,5064.2774,75.502,1795.37
3.5499,113.43,3714.2689,71.4924,2016.15
4.5239,69.3833,5317.8095,81.4989,1763.78
5.8328,118.8465,5424.8163,84.4941,1983.71
1.2752,59.8498,4428.1512,84.5511,1654.85
6.5959,64.1411,3357.5028,82.9761,2064.83
5.3953,62.8957,3936.3706,79.0119,1943.65
1.5723,112.5793,4994.3307,80.513,1823.27
7.1151,95.8005,3918.4768,74.2781,2107.95
7.4461,60.6473,3217.543,79.4616,2066.33
1.4275,80.8226,4391.9623,76.8347,1699.52
2.9381,93.0709,5112.8021,77.2303,1785.0
6.6434,55.8425,4989.816,81.3666,1910.19
6.2378,111.7691,3437.8079,74.2288,2168.26
2.2916,106.2522,4681.9115,74.7706,1828.37
2.4654,85.3645,3551.2607,83.8696,1936.42
3.5933,117.6989,3545.5188,70.8434,2012.14
4.3917,79.2433,5185.1794,77.2845,1837.47
5.3278,118.8877,3624.1724,83.692,2085.93
3.5824,96.7544,3658.1184,79.1554,1951.3
4.2377,94.427,3001.6335,78.1961,2019.91
6.2323,61.6168,5176.6726,73.7462,1851.74
1.2568,111.7349,4981.487,75.1491,1755.59
2.7671,79.9243,4568.3223,82.7807,1808.36
5.9934,61.3563,4875.6644,78.3883,1884.63
7.2664,50.8825,3380.1214,77.7211,2045.91
4.5817,89.1829,4145.809,71.4937,1939.95
4.7248,86.918,3878.0485,70.2404,1933.65
1.7502,100.3548,3234.4413,84.4553,1975.72
4.1319,112.3181,4215.3262,75.6548,1971.75
4.7283,55.5585,5301.8491,79.0482,1751.48
2.6973,101.2048,3100.1478,71.1957,2024.38
2.8847,63.1188,3728.6523,80.2467,1818.48
3.641,110.0724,3518.8523,83.9885,2003.19
1.1405,107.3344,3595.3666,78.635,1856.37
3.2546,87.8556,5271.0864,71.8917,1761.4
2.4801,99.717,4170.1726,78.7258,1885.16
3.2925,72.0045,4165.7485,81.4952,1868.8
1.8383,82.9818,4901.4391,76.0962,1787.67
7.2337,107.5146,3386.2305,83.1976,2160.41
5.1551,82.1486,4218.1634,79.7302,1976.13
5.7537,75.0459,4074.963,83.4887,1979.11
6.5242,84.5949,4492.2767,79.3526,1992.84
4.4891,107.9774,5498.8943,71.9693,1836.97
1.6084,73.4646,4923.6222,74.6454,1660.97
4.7597,62.1633,3994.6643,73.0269,1945.58
5.1079,99.841,5068.8826,83.6324,1944.61
6.2181,107.8185,3426.7709,81.406,2160.46
4.0216,57.0446,3076.1592,80.146,1990.07
1.8931,66.7912,3511.1209,74.5145,1784.48
2.9864,59.938,3851.0289,72.7607,1789.94
3.5416,74.3559,4276.4519,81.3468,1802.89
5.5214,81.5246,4537.8229,77.1124,1924.28
4.9954,102.4178,5276.5143,73.3868,1892.29
3.4927,95.5803,4274.635,79.2493,1907.57
7.9056,93.465,4253.1891,70.605,2113.26
5.2404,74.6662,3125.6075,74.8926,2013.19
2.6606,108.9013,3087.2789,77.0284,2032.18
1.7125,82.9901,4377.8999,72.2194,1769.63
2.07,118.5373,4095.4465,84.7698,1935.78
2.7217,94.3899,5097.951,73.1365,1724.65
2.1248,58.8385,3401.699,71.9553,1828.89
2.306,97.3324,3062.4292,73.053,1932.27
2.9957,72.7573,4122.5969,81.5359,1831.79
2.2136,98.0429,3593.6964,76.3826,1924.35
7.2774,54.8749,3124.0359,78.4812,2108.65
1.5616,62.2417,4811.4957,70.3151,1636.72
4.6716,109.9016,3278.9825,70.5165,2086.37
3.8728,65.9026,4520.7988,76.6874,1783.06
7.8767,108.5929,3702.6244,82.2498,2247.18
1.7843,69.5493,3433.7401,83.2786,1839.5
3.785,95.0017,3949.3788,71.3006,1966.73
7.7863,98.5905,5003.6144,78.0754,2039.38
7.0585,85.8858,3980.2339,83.6984,2082.08
6.7195,71.3717,4876.9241,75.8196,1921.34
2.8053,64.8851,3313.7157,82.4435,1916.68
2.1962,52.3233,4931.9285,72.0054,1637.7
5.6805,71.2762,3592.3333,84.0309,2045.14
7.5056,95.7214,4693.4828,81.2713,2057.58
4.8973,115.6813,4414.4539,84.12,1969.41
5.0013,110.9843,5322.8618,80.1493,1901.21
2.9599,103.6245,3968.3063,75.4511,1893.92
6.3865,105.1913,3165.413,84.0727,2192.72
2.3093,96.5489,3047.8887,74.1335,1933.49
3.2658,68.2201,5067.1464,74.9826,1762.75
3.9781,113.5037,4311.8391,80.5121,1969.97
4.5533,96.9513,4938.1101,81.4797,1894.01
2.6969,89.2308,3586.064,83.9411,1941.62
1.8039,57.7693,3862.7094,73.072,1782.05
5.2743,81.2939,3075.2597,81.97,2081.88
3.0204,82.2251,5403.7308,81.0782,1718.55
5.0687,110.5195,4669.6698,70.9569,1924.85
2.0805,88.2654,5333.0127,75.8083,1687.95
4.368,76.628,3663.741,74.2415,1939.53
4.7281,118.376,4528.659,74.5674,1994.01
1.3628,57.7504,4696.2499,84.7442,1661.38
3.3562,79.5784,3793.8743,79.6417,1924.03
1.9409,52.9417,5120.2731,80.7651,1623.2
1.4436,101.7933,5367.9037,84.6493,1715.42
7.9297,114.2654,5212.1378,75.658,2104.02
3.2565,69.6026,4847.6674,82.0276,1783.65
6.6691,110.0839,3693.6617,76.518,2152.58
2.7825,70.4553,3704.0401,83.043,1854.37
5.7705,113.7539,5408.4008,72.7099,1925.3
6.3216,102.7773,3025.7112,84.2153,2175.51
5.1695,106.3435,4790.1249,73.2816,1941.72
4.301,51.2605,4765.6154,74.8933,1797.87
3.8829,117.3967,4556.7239,81.3429,1948.43
3.4421,100.867,5475.2721,75.9063,1756.86
7.5067,71.3326,3779.6986,79.1232,2138.59
6.8143,108.0576,3849.9297,76.6686,2148.87
7.7552,69.7065,3197.3485,81.1355,2128.82
1.8701,111.0928,4106.9953,73.425,1859.63
6.1161,57.8806,3652.6213,70.8769,1994.33
7.5684,99.258,3858.4668,74.4989,2195.08
2.2686,87.8489,5086.4295,77.1146,1712.38
1.4655,56.7574,5338.7113,72.5203,1614.48
6.1878,66.9326,3464.3327,75.322,2078.26
5.0213,50.8683,3931.2723,75.9997,1883.39
6.8928,82.8138,5321.5764,70.8609,1918.87
1.9784,71.0886,3154.5212,78.7496,1853.41
6.5669,91.885,3230.9013,83.2652,2154.78
2.4114,70.8066,3406.9775,72.2761,1864.39
2.1456,70.9943,4488.0321,78.9671,1770.9
2.1499,102.0235,3376.1807,79.9711,1972.14
6.702,53.37,5420.191,76.29,1822.24
5.6564,113.2026,4116.7863,80.5165,2025.74
4.6615,109.6585,4253.7949,76.161,1995.55
3.5118,96.7463,3616.6465,77.5696,1979.48
7.1404,91.5255,4177.4006,70.1103,2079.49
3.7471,112.4612,4654.7841,80.3758,1915.43
6.7162,62.9731,4877.9428,79.9201,1928.45
4.0739,55.5278,4884.6702,70.576,1797.8
3.6386,66.7657,4444.7278,75.5238,1827.2
4.2388,105.6205,5260.8994,84.6855,1867.59
3.1096,52.4269,5043.5196,76.311,1684.16
6.2333,90.7965,4892.6203,77.5292,1961.44
4.519,119.6806,3139.0138,83.649,2177.64
2.6255,109.8987,3017.1949,80.7589,2020.86
7.297,86.5012,3531.1182,78.7311,2145.59
3.6872,54.4549,4658.809,81.9671,1765.51
4.8049,108.1961,4027.9937,82.9655,2059.86
7.3453,91.9285,4006.0156,76.8533,2160.76
5.3697,58.0453,5211.4672,77.1266,1819.41
1.8183,56.57,5238.9071,75.7908,1624.2
7.5788,113.6739,5272.9382,84.5006,2063.5
5.394,96.844,3784.6952,80.4575,1994.42
3.3443,108.0501,4727.6395,71.2483,1890.08
1.9749,111.5285,3679.083,82.9444,1937.43
6.5582,90.0241,3476.5246,77.2084,2131.84
5.3405,86.2212,3461.5811,71.0313,2025.18
4.7342,80.1299,3855.2691,78.2458,1959.27
7.2572,72.1863,4074.894,76.2575,2039.95
6.5202,80.4217,5077.3729,83.1662,1969.62
2.0617,104.1716,3299.7277,73.0599,1933.66
3.1821,92.1346,4837.3146,82.397,1881.37
2.7394,112.4766,4328.6373,78.3653,1913.62
6.2076,81.0366,3719.8634,70.8192,2015.32
1.2347,92.4963,4232.049,84.5777,1793.42
4.9892,94.1915,3749.8552,77.6892,2010.2
6.3372,91.4188,4490.2049,74.3632,1953.07
7.1374,99.1844,4084.6098,77.0411,2151.92
3.3946,66.6203,3411.0138,82.8679,1937.06
6.7488,85.8655,3291.4577,74.5735,2148.15
1.7744,57.2957,4366.7392,72.8901,1708.76
6.9252,76.9158,5256.0326,71.9361,1886.3
1.8924,84.1367,3859.8942,74.4679,1818.58
3.781,95.6557,4832.5003,81.7007,1888.54
6.5811,116.5372,4646.6534,77.0744,2045.06
2.0494,92.0456,5328.8873,73.4122,1646.52
2.6048,102.0516,5052.4525,72.4928,1783.18
6.0558,85.4386,4416.5131,74.9909,1983.68
6.0403,94.3873,4642.5762,84.0989,2003.26
5.488,54.9653,5245.9662,75.1454,1818.15
5.8576,67.8074,3998.797,84.8219,2005.69
4.7991,75.3297,3816.9868,77.2785,1968.97
2.7626,83.0745,3027.0277,72.6875,1982.03
3.4199,53.1954,5066.3777,83.3671,1684.42
2.2712,59.8017,5002.4518,76.9053,1690.79
7.3592,69.377,3261.1363,80.6451,2151.92
5.0837,118.0073,4442.1435,84.7557,2001.14
3.806,73.1943,4159.9542,70.7526,1825.85
4.234,83.7429,3296.7727,71.4504,1979.91
7.631,63.7268,5451.4206,80.8069,1900.4
2.0735,92.7546,3536.7397,74.2274,1912.06
5.1036,69.6478,3168.0855,72.7645,2006.27
4.5412,64.4895,4487.1184,70.5904,1824.05
5.2802,86.1601,4847.1667,70.3277,1884.89
1.1268,50.3854,3081.1086,81.6173,1824.58
7.1049,50.5365,4646.7941,72.0165,1925.26
7.5248,65.3348,4330.7297,77.0158,2017.55
4.9559,52.5705,3258.1625,79.0885,1969.29
5.8766,57.5618,3431.3097,76.4253,2041.54
7.4575,73.7202,4419.9357,70.4066,2002.06
5.9507,106.181,3740.894,81.7525,2144.41
2.0678,90.0434,5345.7893,70.1577,1704.42
5.034,85.8867,5046.8506,81.4283,1879.86
5.247,70.5442,5458.918,83.3996,1880.44
3.9689,115.2228,3649.1771,76.4926,2009.93
6.1551,77.7911,5424.3091,78.0331,1868.01
7.5406,56.0965,4078.0847,77.1548,1994.38
7.479,93.1947,3868.797,75.8381,2157.62
4.1559,57.9687,3125.8738,83.3114,2007.32
1.7927,74.1656,3131.9131,83.409,1928.72
7.8939,85.5188,4730.0281,75.0372,2078.64
6.8723,111.1956,4144.8225,79.226,2121.02
1.8726,84.5483,3566.3041,83.9036,1865.1
7.4459,99.1581,4534.9258,84.4309,2051.56
7.0893,119.4972,3632.1453,77.6344,2257.34
4.6319,59.2042,4444.0794,76.7924,1862.11
5.1389,69.2312,3898.0219,74.1804,1939.19
3.793,77.6203,5058.8806,84.3831,1837.59
1.3833,79.528,5051.7404,72.1422,1646.71
3.3464,78.7715,4193.376,78.6974,1873.12
6.62,113.5328,3877.0478,74.2383,2134.17
1.0324,99.9823,3906.3995,74.1851,1838.18
3.3345,92.5534,5014.2863,76.0745,1809.2
3.7872,71.6561,3820.4487,84.9819,1877.65
4.7618,107.6653,3522.6484,70.8245,2063.11
7.439,116.8542,3211.7209,78.6781,2287.15
3.4244,107.4839,4166.7328,71.2386,1929.38
3.4287,50.1096,4205.3302,72.3178,1804.03
6.1625,94.5481,5102.2718,76.5934,1923.02
4.1655,53.5795,3553.0967,77.6569,1902.74
2.5722,68.0325,3952.4782,73.8819,1798.66
4.1671,54.1667,5021.0143,74.7469,1772.46
1.986,92.2657,5059.059,71.3045,1731.8
2.2347,98.0613,3961.5277,74.5483,1889.81
4.4886,58.0141,4147.8101,84.4984,1908.62
3.9325,76.8687,3758.2147,84.1706,1956.52
7.4039,81.9366,5331.3872,75.0232,1961.26
3.5368,75.8337,3296.6094,78.5628,1929.65
5.0641,58.4718,5334.3736,83.6439,1791.34
5.4259,79.3263,4709.6661,70.0928,1890.45
1.0917,102.5825,4328.9304,82.1603,1792.78
5.6448,54.9705,3081.6477,84.2255,2028.47
2.2463,55.6126,4188.9905,71.3699,1715.0
7.7275,74.834,4019.3703,72.4217,2031.22
2.0406,115.9208,3403.047,84.4112,1961.44
3.9024,96.8001,4641.024,78.0631,1894.95
1.5974,97.5069,5427.8773,70.2129,1652.47
7.9781,75.3344,4405.472,73.8645,2057.88
4.5154,91.5563,4786.8832,76.7492,1938.6
5.1677,50.7092,3171.1261,80.3936,2014.21
1.4695,94.5267,4044.1675,80.9974,1867.96
6.2497,113.9301,3290.8962,84.9313,2205.4
2.4693,92.8801,4531.9896,74.3127,1843.13
7.2864,111.1589,5346.2054,78.0733,2006.61
2.436,100.6781,4654.4443,77.9999,1808.94
2.3348,58.4391,3192.0076,76.0847,1789.29
1.2558,113.1717,3886.6655,72.5374,1895.51
4.3045,54.6511,4376.6584,84.6618,1879.69
4.9539,87.3777,4008.0194,82.7998,1975.71
1.46,59.9496,5084.11,77.475,1624.32
6.4287,50.8195,5036.6775,79.0487,1844.54
4.173,79.5424,4529.5776,73.4089,1874.23
4.6707,70.6528,3933.6449,78.1568,1962.16
4.0853,84.02,3638.3409,80.4246,1927.55
3.8053,90.404,3264.6858,77.7275,2016.64
4.9175,53.0617,3887.2442,84.8543,1910.17
2.0867,58.6102,4032.9313,79.1701,1769.16
2.2735,89.105,4689.5573,75.5646,1792.3
7.0325,74.0217,4645.3996,81.5823,1989.81
7.6228,101.0421,3175.2703,72.5569,2222.46
3.6132,95.6604,3988.1483,75.7677,1929.3
2.8952,109.1923,3454.4472,75.2044,2009.36
5.508,98.4745,3392.0318,76.4771,2107.57
3.8611,80.0952,5068.2554,81.7267,1814.57
1.1777,97.1077,3104.788,77.2626,1875.3
2.0931,69.2767,4047.9572,81.9102,1786.45
6.0118,71.4419,3420.5091,78.6473,2077.58
5.6125,105.229,5198.3255,75.131,1937.5
1.1897,81.2494,4392.6013,82.1497,1763.06
2.5538,105.8866,3578.4516,73.5743,1989.09
2.6175,107.5696,4256.0682,73.3657,1910.21
5.7032,110.0294,4828.7159,77.5675,1996.04
1.138,114.1645,5395.295,73.9127,1700.87
1.7288,80.169,3551.115,70.1363,1773.11
6.5994,72.3207,5215.4544,79.7245,1904.6
2.2498,90.7539,5335.7603,77.6664,1714.15
5.5692,75.9821,5291.0514,76.6828,1864.09
2.6673,92.0752,4588.5359,84.5045,1827.61
1.6961,99.391,4574.5516,78.568,1785.67
2.7022,98.1884,4008.0266,82.9515,1859.72
6.0559,76.2187,4880.9947,72.0918,1889.88
6.9899,61.6802,4328.235,78.5381,2000.59
6.8115,80.1371,4693.5952,83.0197,2038.99
3.7803,59.9816,4071.1448,78.7466,1847.54
5.6766,112.3068,4828.7412,80.7702,2011.07
2.4349,74.2114,5061.1788,75.5807,1738.34
3.052,60.8122,3366.0906,71.3867,1854.83
7.2744,51.7813,5082.3243,76.8685,1909.41
1.091,95.2076,4350.7413,75.9172,1752.86
1.5986,94.5832,5111.6648,83.0059,1751.35
2.4552,73.8423,4078.2543,73.6599,1813.82
1.1857,55.0198,3947.6012,84.501,1736.29
2.27,78.674,5287.6518,84.3721,1688.42
5.0813,71.7852,3627.9232,73.7145,1998.98
3.95,97.3984,5110.5308,75.2208,1894.89
7.2487,92.4045,4210.0514,83.4333,2072.39
6.7221,75.5216,4285.2386,84.4993,2014.64
3.3927,65.2525,3771.1707,76.6516,1876.42
2.816,119.1625,4432.6055,74.815,1927.33
3.6578,81.7801,3813.028,77.8914,1908.89
5.1321,98.1792,3098.1735,80.3165,2041.88
2.8764,59.8387,3679.9965,74.1021,1870.55
5.369,83.9913,3015.9476,81.0471,2117.42
3.8659,51.9276,5445.887,70.7749,1641.11
4.8643,85.3819,5414.368,70.7394,1806.15
4.0529,117.4812,3987.8882,75.7943,2050.45
3.0613,76.8945,4820.9271,75.3021,1812.35
7.6392,52.7297,3864.5152,74.7345,2062.9
6.3452,52.1669,4677.7329,77.3653,1891.55
1.9808,77.1591,5013.5751,74.811,1704.87
7.0793,61.2017,5366.8906,72.8839,1876.33
4.412,51.6346,4000.5307,74.642,1889.8
7.2619,102.935,4958.245,84.6236,2029.65
6.599,82.0966,3664.8211,76.1667,2062.81
3.9765,70.2471,5475.8308,76.6707,1767.12
1.1573,113.0058,3064.424,78.6482,1950.8
2.8807,58.1297,4508.822,84.7501,1800.07
4.7914,116.9143,4648.765,73.624,1960.63
5.4343,71.9777,4720.1139,80.2192,1898.61
2.8052,112.1883,3300.9689,80.7398,1988.68
1.9755,92.206,5346.3245,79.1099,1713.51
6.8445,107.8695,3452.9582,71.3287,2136.63
7.8908,118.8809,4556.8835,80.1531,2144.09
4.6798,70.1884,3556.6902,70.9614,1924.33
2.2018,117.2795,3768.041,78.9421,1962.24
2.9062,77.2637,4366.1464,81.0937,1841.41
1.1287,76.9858,4042.9835,73.1645,1711.09
7.4001,73.8271,3400.564,82.6243,2171.8
1.8243,87.8985,3427.341,70.4553,1936.34
5.0356,60.7902,4045.362,82.6572,1924.36
2.9184,88.7598,4893.2074,76.9049,1777.83
4.8792,87.9193,5244.9116,73.2638,1919.77
5.5599,103.3331,3210.3192,72.0067,2090.33
6.8082,108.3555,3982.7598,84.2996,2139.97
2.4449,80.8309,3250.6139,71.09,1910.39
1.077,71.1633,3041.4812,72.9864,1870.72
1.9582,68.1534,4654.2967,75.2173,1724.68
7.3001,63.6237,4506.1236,79.3035,1979.94
7.1172,54.0353,3407.5478,78.172,2043.67
5.1819,73.9714,3584.5321,71.8847,1984.85
5.2036,68.9173,3059.2694,74.3459,2012.89
5.6553,117.6492,5087.368,73.5813,1979.72
2.2276,89.0396,5436.7265,73.2031,1686.01
7.4009,74.3094,3338.6488,76.1672,2098.85
3.9314,90.6327,3578.688,80.5605,2017.5
3.682,59.7438,5171.0238,73.2618,1713.81
4.6324,81.0831,5316.1595,75.5002,1784.26
1.3288,93.8364,4049.0685,75.8638,1805.71
2.164,84.2228,3126.5562,84.6468,1934.78
6.1662,78.1245,3098.4796,84.32,2076.59
1.5796,119.5694,4434.8747,82.0021,1865.71
5.2221,111.622,3982.2378,73.6249,2026.19
2.7174,93.6384,3071.6311,71.0206,2012.11
3.7251,89.8564,4458.131,74.7536,1890.31
3.0209,93.4462,3028.2563,74.0019,1982.84
3.4897,64.0918,4968.4299,77.5889,1735.63
6.0333,77.6596,3766.0821,81.6659,2039.08
3.0799,52.7622,3100.645,82.8748,1915.47
4.9648,83.2882,4470.8806,82.673,1932.75
4.3324,88.0117,3994.211,75.3951,1944.89
5.6457,65.9425,5434.501,80.3085,1825.61
7.5578,117.482,4360.4967,74.6925,2132.49
6.128,113.6618,3688.098,70.9136,2119.54
2.5046,100.55,4773.5972,80.5235,1767.88
1.2183,87.3371,3678.73,70.1474,1840.95
2.8358,110.8978,5260.6082,76.1377,1814.65
5.1655,59.1457,3936.8049,74.9407,1905.54
1.36,105.3357,4374.6714,80.4007,1861.94
4.4746,58.7375,3126.4328,81.4937,1982.34
5.1779,105.5947,4065.3031,74.5614,2002.29
3.3397,69.3037,5080.9088,82.1744,1776.83
6.3964,111.3963,5014.122,74.4088,2018.46
1.7462,116.0829,3560.7964,76.6949,1946.34
1.526,60.4157,3565.1977,80.9053,1781.53
6.0973,82.3873,5043.2633,80.3938,1938.36
4.4684,118.6691,5325.9961,84.8105,1908.17
5.8188,83.8385,3238.4023,73.3774,2100.66
4.0438,110.4483,4125.1466,79.9348,1938.07
2.7248,91.2112,3843.6357,79.1452,1887.78
6.7337,76.2731,5176.7211,83.7265,1978.34
6.5959,70.0048,3208.8123,72.3454,2073.27
5.8629,64.2256,3527.8149,81.277,2007.75
2.905,103.3259,4881.1708,78.524,1822.04
5.1316,77.0578,3128.2346,74.12,2017.21
3.5268,85.7893,4231.3385,77.1165,1828.15
1.6411,84.4628,4105.2676,75.0066,1789.43
7.4212,90.4095,3836.0029,78.6897,2134.91
1.9577,110.5904,3986.4308,83.335,1899.41
7.6517,118.6518,4324.8515,78.5396,2160.91
4.122,78.5309,3403.4184,79.4758,1982.38
2.2959,107.9263,4429.9897,77.7812,1883.86
4.7933,103.5169,5013.5808,70.7675,1898.49
7.1106,90.147,4900.4023,73.4929,1986.75
6.1256,116.9233,3384.7498,77.38,2169.15
6.6459,64.0332,3373.1237,74.6535,2081.53
5.6115,57.6485,3670.4359,72.7265,2002.04
5.8459,109.7773,3902.6868,77.562,2077.11
6.9444,80.7405,4021.139,74.8421,2061.69
2.7477,109.2878,4699.243,73.8716,1859.95
4.426,112.5163,3141.7011,76.9598,2079.04
2.5485,54.372,3086.6818,71.9993,1863.19
7.9137,111.8425,3979.7764,83.9162,2166.54
7.6084,81.3823,4742.9092,83.0155,1989.88
1.276,85.7303,3483.5884,80.6143,1859.86
5.939,93.8615,4603.7612,71.5932,1969.02
7.4767,114.8468,3649.5703,81.6382,2223.51
2.264,51.3381,5215.2153,82.1194,1642.76
4.9756,83.379,5239.2249,81.5165,1831.17
7.4084,98.1405,3743.218,71.7095,2147.88
1.2376,100.5895,3574.9844,79.6586,1844.52
5.8819,98.4773,4028.2599,82.5149,2096.01
3.0814,59.4105,3601.329,78.6603,1826.56
7.4708,70.9577,4680.9596,79.6961,1997.49
7.7974,75.1101,5065.1617,76.8755,1960.39
7.6099,106.3106,4682.7303,77.9306,2109.15
4.3195,69.5132,5060.8761,70.5157,1781.16
7.0343,64.7493,3992.4804,79.5844,2020.75
6.9118,117.0214,3390.7924,71.2217,2227.23
3.2337,50.6204,4844.8774,76.5252,1719.27
6.8024,119.8475,3901.1863,74.3898,2174.12
1.2591,97.3775,4678.1771,78.1814,1731.32
5.1739,107.9929,3676.6099,72.0012,2033.9
2.6101,70.6234,3203.0741,80.3747,1910.0
1.844,51.0021,5481.4545,81.9252,1586.47
1.5387,101.6509,3390.5038,72.4503,1916.35
5.874,108.3901,5471.0525,71.5647,1922.92
3.3791,101.8333,5443.1998,72.1827,1792.62
6.0734,59.9995,4984.5453,83.1569,1839.36
1.4575,102.74,4648.5574,77.9228,1828.96
3.207,103.8246,4444.5176,77.0089,1886.87
4.7764,96.0978,5165.2539,71.6007,1887.38
6.5351,103.6281,3723.5988,79.7433,2112.18
3.2313,109.2145,4169.203,83.02,1949.91
5.3812,92.9523,4548.4749,82.4228,1937.66
7.2018,56.2023,4027.9762,79.3908,2028.19
5.311,84.1339,4068.7161,71.1292,1966.81
2.6307,55.4355,3825.7117,71.686,1795.81
1.1708,78.528,4410.5795,70.7396,1737.36
7.0907,78.4975,5126.4363,73.8622,1918.11
1.1489,54.6207,3503.8209,72.0349,1734.55
7.1229,74.4174,5336.0826,73.9007,1930.87
4.7026,57.7699,4722.7191,75.7759,1873.4
7.5735,106.5765,5058.183,84.1447,2062.06
6.5915,116.3382,4390.4767,79.1556,2114.88
7.9855,55.0622,4948.7918,82.5246,1963.17
3.455,116.8581,3040.501,80.6553,2130.38
6.3703,86.5804,5045.9511,71.6875,1894.22
3.8135,70.9696,3100.3471,81.0388,1981.99
4.3591,55.3803,5224.7834,74.1265,1704.48
5.3925,85.0437,5479.9069,79.5866,1790.96
7.1157,105.6161,3735.1687,75.1144,2166.42
7.8886,99.4961,3525.7964,84.9651,2221.52
6.3779,53.5158,4913.4084,73.9533,1865.15
3.9244,55.1031,3632.5659,74.187,1879.35
3.9495,78.2011,5163.906,83.9601,1879.98
6.1631,70.6703,3257.1065,70.3697,2058.22
2.6714,66.2669,3314.888,80.4503,1901.18
1.7733,69.6703,5447.8789,80.8799,1623.14
3.4824,106.2438,4684.5972,82.5457,1902.47
3.0107,115.046,5117.2181,84.6166,1847.4
3.0742,78.3572,3810.8234,84.634,1885.21
2.6353,113.4278,4691.2094,70.9792,1898.15
1.2947,72.5047,4485.6046,82.3276,1750.35
1.1251,83.3506,4507.8753,79.6946,1736.81
7.9141,65.822,4706.3311,79.7101,1951.58
3.9944,94.8333,4438.3979,71.9252,1891.83
3.6903,118.5287,4072.6559,79.7528,2060.78
5.7575,92.2445,3689.8067,84.7372,2070.85
2.5278,75.047,4921.4533,83.6773,1774.96
7.6497,95.3472,3565.6811,76.587,2215.22
6.5044,58.6044,4730.8858,70.5992,1910.02
1.6259,112.2061,3583.3321,75.4344,1895.58
3.9231,85.2159,4563.3254,82.3959,1815.57
7.1538,81.4545,4867.6957,80.5225,2012.45
7.6131,91.0105,3546.7847,76.8902,2148.47
4.2718,93.7349,3149.8583,70.8265,2043.59
5.2939,55.0243,3327.4344,76.4034,1952.87
2.1692,97.7832,4514.9924,77.0354,1810.34
7.9382,66.9352,5123.616,83.9283,1978.62
2.6217,99.9767,3112.4921,79.6163,1995.92
7.5991,107.5774,4835.3781,74.6748,2049.5
5.5475,106.2771,3853.2966,77.8798,2104.48
5.2542,88.6751,4196.3209,70.9908,1956.33
4.5888,86.4119,5322.1489,84.5885,1798.28
2.6147,60.0013,3829.9288,75.4009,1808.12
2.2357,104.2742,4163.3423,77.168,1872.75
2.5434,68.9987,3034.206,75.3293,1913.25
2.3051,84.7687,3203.9968,80.2377,1961.19
6.4571,69.8992,3646.479,79.9335,2046.94
3.4509,59.368,3069.6306,80.7298,1932.11
1.4049,94.069,4578.4383,74.0221,1731.03
7.7837,53.8032,4065.9959,74.735,2049.71
7.1865,102.4052,4370.363,71.8788,2090.73
7.4943,72.2311,3436.618,79.8326,2120.88
7.9644,50.0094,3739.8301,70.597,2007.54
2.2173,85.779,4659.5612,78.9652,1813.91
3.7737,53.2796,5413.2568,83.0454,1674.43
6.3077,69.3319,3126.0419,83.3625,2086.37
5.8721,99.4884,5225.9608,76.7356,1943.79
2.0773,54.3883,4442.203,76.8896,1681.03
6.7108,108.7537,4409.7989,71.1545,2035.84
2.5711,50.2674,4250.6963,80.0615,1696.15
2.5667,67.2777,3173.4852,82.3189,1920.69
4.7588,101.8633,3224.6921,73.6698,2067.01
5.1506,72.1389,4502.28,76.3195,1975.31
5.0606,57.1325,3852.3964,82.5826,1909.64
1.6404,75.2164,5293.1702,83.1568,1642.44
7.1422,68.9275,4016.4763,73.6477,2024.12
2.8592,108.9898,3358.2036,78.2586,2003.08
1.9066,71.9344,4786.7971,72.8874,1694.06
7.2212,105.2253,3733.3836,71.5282,2173.39
7.6896,112.4311,4313.6758,83.6668,2135.22
7.0349,80.3672,4744.582,82.3076,1967.13
6.6666,113.696,5250.6603,81.4005,1969.65
5.5867,76.4123,4980.478,70.7315,1822.83
4.856,117.4855,4690.9027,82.6559,1978.46
1.6089,56.2503,4699.083,76.5707,1658.49
3.8592,98.0913,5364.8116,75.1359,1798.62
3.6088,84.567,3739.5602,78.1971,1966.28
2.8183,77.1354,3002.7802,71.3703,1971.23
6.0639,94.2898,3679.8864,81.3497,2084.59
4.4711,99.27,3544.7284,78.7365,1990.52
1.5673,50.3054,4654.5865,72.7989,1633.7
2.5413,61.6867,4584.279,72.8235,1717.09
5.7828,99.9132,4483.6535,72.7637,1983.28
1.5329,96.647,3040.6086,70.855,1903.04
6.9584,117.6233,4821.9451,78.817,2061.68
4.466,103.2726,3808.826,82.6052,2014.84
4.3641,116.5541,4662.64,70.2625,1932.83
5.1469,99.1778,4391.4461,70.7351,1977.45
6.7728,70.8637,3856.8273,78.5916,2057.01
3.4347,57.3755,3336.4407,82.2924,1882.2
5.7461,104.7277,3236.0472,74.9011,2169.65
4.9601,95.0904,5078.7958,75.2442,1866.22
2.8692,53.373,5295.9939,78.9452,1625.27
7.1504,75.2035,4624.4701,74.1132,2003.77
6.582,116.976,3258.5853,70.3991,2180.84
5.6092,85.0281,4005.068,81.0284,2022.1
6.9541,80.291,4822.348,79.3847,1925.18
7.0711,82.039,4949.5522,78.7113,2016.57
5.9585,64.6218,3295.5466,81.1253,2068.42
6.8591,75.8095,3000.0768,80.1285,2115.15
5.8823,75.8869,4780.3426,73.0882,1878.46
5.761,53.6649,3891.4904,75.2872,1987.8
5.3303,103.7297,3636.2033,71.8917,2051.62
6.269,79.1553,3032.2437,71.9479,2095.18
2.1102,107.5526,4350.7485,80.1429,1802.88
7.1661,109.5244,5127.8768,82.879,2034.88
7.1029,64.8396,5394.0791,84.441,1898.8
1.2047,96.0147,4414.3624,79.4252,1795.86
6.7807,83.0597,4286.1533,72.7615,1992.24
1.9021,111.611,3212.641,71.5848,1922.24
3.3458,65.1018,4372.182,82.1928,1827.39
6.2046,97.4469,3949.9477,78.6813,2102.04
2.1253,92.5426,4517.8382,79.2743,1765.47
6.7258,70.6711,3971.8159,81.7219,2065.41
6.8249,59.5621,3600.7478,80.5492,2051.84
4.5523,95.6148,3237.4132,82.5169,2093.98
1.0447,101.7018,3787.2961,70.8432,1832.27
3.0093,72.0939,3241.6121,81.2128,1865.3
5.3185,95.1383,3442.2424,82.7628,2079.89
7.8683,77.6592,5468.3404,74.292,1978.67
5.4227,99.9245,4110.2589,79.6067,2006.99
2.8186,63.9451,4329.6794,74.7124,1770.2
5.438,112.3151,5184.0463,84.3696,1956.44
4.7799,70.1187,5488.9223,70.5014,1698.66
6.4589,75.745,4456.7861,78.6969,2026.46
1.7489,54.0664,5031.1846,72.4976,1605.7
6.3272,57.8059,3817.3526,80.6833,2012.81
4.7889,86.1103,3764.3599,72.6384,1985.07
7.7409,68.7315,4006.7593,73.5307,2099.94
3.3931,108.4836,4681.2682,77.4156,1899.01
5.4284,51.0285,4705.4792,83.7225,1848.15
7.5242,76.5366,3788.0986,73.1757,2076.17
1.7176,73.6142,3333.0248,72.1636,1864.8
7.5606,51.3529,4580.9906,81.3847,1923.55
5.8152,58.7058,3320.8147,77.5093,2037.85
1.4749,78.955,4446.2313,83.6768,1724.55
3.1067,84.5005,4733.5553,72.1992,1832.84
5.9572,78.3003,4751.5287,79.6889,1942.02
1.4715,87.1656,4883.6803,73.4932,1729.46
5.0752,91.6592,5182.1486,72.3514,1875.27
3.4212,50.6947,4249.8975,80.2514,1749.37
5.3464,82.4867,4825.623,78.9053,1887.81
1.3202,117.4449,4547.9318,81.3224,1843.62
7.1008,86.3323,3466.5998,74.6419,2140.34
7.8144,97.428,3064.2241,76.7196,2272.47
7.7821,71.8305,3711.3535,76.0821,2121.75
6.2476,104.1794,4107.5843,84.7613,2065.04
1.9106,104.1045,4542.7649,74.3837,1793.19
6.3078,86.4907,5124.8983,74.4223,1933.34
1.1721,118.321,3490.6143,75.3182,1860.47
1.1549,58.7885,3313.8745,78.4689,1832.87
3.2653,51.1863,5408.6999,73.7848,1672.08
4.4205,103.9111,3270.1114,83.7293,2110.06
6.3929,106.5009,4196.2277,73.9853,2037.73
5.7831,58.4145,4463.9093,83.4372,1945.07
4.1213,68.5908,4353.4361,71.5521,1905.31
2.9154,51.2287,3215.0804,79.8484,1839.08
7.9799,70.5316,3142.5673,83.6048,2205.76
3.9833,104.1199,3263.7086,72.5312,2041.92
4.1597,86.2572,4463.9692,84.5249,1865.41
2.1454,74.3667,4360.8622,76.7933,1784.61
6.5637,76.0218,3584.352,84.1857,2106.92
5.8558,50.0948,4594.4354,80.1523,1863.78
2.5454,70.986,5050.1688,74.5238,1740.65
1.5767,95.2521,3103.9474,72.8245,1874.14
5.7635,118.1936,4245.3249,74.556,2033.59
5.5816,109.2943,4723.276,71.3953,1990.49
2.9128,51.6516,3630.7798,72.158,1820.56
7.656,112.8992,3769.4273,71.5699,2177.55
2.0574,104.8239,4534.0948,76.3442,1846.28
4.0263,104.6263,5244.8382,81.9337,1874.57
7.6053,82.0597,5024.8111,72.1208,2012.57
3.9381,77.8604,4457.8255,71.9548,1850.63
5.4697,71.2041,4825.5543,79.6514,1903.48
3.7832,54.5986,3912.0562,72.9577,1832.74
2.9195,65.9765,4602.4138,71.4642,1809.22
7.8878,67.2623,4165.454,72.5027,2034.44
3.8653,83.8854,3474.8403,83.856,2033.91
7.2587,102.3211,4754.3457,82.3221,2067.66
2.6097,83.1667,4391.1616,75.311,1777.86
2.4917,54.0491,3896.554,79.8373,1824.01
1.2179,117.0453,5278.348,78.0591,1745.91
5.5617,115.9907,3052.3353,80.1569,2204.34
3.5797,104.9633,3789.4329,80.2401,2013.41
7.0505,119.393,3142.2035,79.431,2264.38
4.3125,88.1138,4916.3183,73.9915,1840.46
7.7774,117.3938,4755.2686,70.5851,2137.1
2.2987,55.2924,3828.3805,76.8335,1785.6
7.0804,75.5977,4689.1573,83.3646,2016.29
6.4362,65.7767,3989.8431,78.5425,1951.24
6.3965,63.7083,4890.6345,82.4859,1924.93
6.9135,59.8562,4135.4592,84.8744,1993.12
6.3272,93.569,4030.6993,72.4542,2097.22
5.3835,104.6925,5336.8248,80.3767,1933.37
1.9187,90.4809,3627.1977,80.1144,1885.59
1.2277,60.2874,3301.1183,84.6993,1821.2
7.4459,106.7787,4461.3578,84.784,2095.32
5.3166,94.5168,5423.3045,80.3002,1920.82
6.5758,77.1716,3944.598,73.6542,2087.52
4.3707,97.1891,3155.0919,81.9783,2078.79
1.8212,68.1933,3848.2632,71.6054,1823.88
1.8763,74.1635,4264.8291,81.7105,1761.08
5.799,114.224,3404.8075,83.6529,2140.58
4.0121,70.3353,4645.2555,75.7425,1826.56
2.4037,82.8992,5494.3735,79.4595,1708.06
4.4412,112.3099,4129.3487,76.4521,1994.73
1.4495,99.5405,3886.8214,76.5665,1860.94
5.0738,54.3542,4001.7604,74.6556,1909.04
2.883,60.3112,3287.8654,81.4319,1863.33
6.5829,50.5489,5208.184,84.0426,1873.73
3.1725,94.1645,4037.0641,84.1113,1938.09
4.1865,81.3371,3968.186,72.6217,1929.07
1.0813,59.3992,4649.2257,83.1212,1691.14
1.5071,117.0554,4105.0836,81.0615,1848.64
3.7475,87.0762,4620.5837,73.7926,1865.39
4.3596,66.9325,3153.6157,71.0093,1947.21
5.2001,85.0422,5034.3084,74.02,1852.36
3.0416,97.5734,5351.2599,83.6831,1770.64
5.8649,55.3367,4621.9135,79.4977,1865.09
7.0209,69.2293,5386.4148,80.8158,1893.0
6.459,106.4876,3378.5808,73.8573,2156.74
1.2773,82.1765,4193.5405,80.7908,1792.07
4.3635,88.2604,4504.5168,70.4218,1885.98
1.7345,80.2971,4454.3416,75.6298,1715.84
2.6943,53.073,4003.6544,79.4013,1814.64
7.9066,61.6025,3845.211,72.1914,2052.18
1.9975,81.1879,3317.0601,82.3451,1893.19
4.4922,64.643,3979.3561,73.5255,1909.73
5.3271,53.4985,3406.652,79.7842,1984.1
5.9173,109.0555,4835.9142,76.078,2026.38
4.9175,118.6835,3522.0773,78.9407,2120.76
1.0684,105.52,3146.4133,71.6118,1888.46
3.2852,109.7649,4380.9153,70.2537,1960.43
4.624,66.9384,4488.0743,83.6435,1880.06
1.6151,117.2439,5179.7827,74.0445,1763.27
3.4544,63.7848,4442.454,82.2952,1835.48
1.2324,116.6001,3863.7021,84.9903,1900.47
1.55,119.6374,5007.5297,73.1715,1795.58
3.7785,99.8206,4350.6972,73.9776,1976.68
1.929,118.6801,3198.2007,79.9429,1986.37
4.9728,89.8678,4414.6264,84.4817,1950.62
5.8263,68.1679,5270.0464,83.7372,1863.25
6.6041,80.5897,3990.7816,77.5431,2075.7
2.4011,91.5493,3740.8145,81.9267,1860.07
2.1724,55.1157,3358.6736,72.0362,1769.46
1.732,93.564,3378.6138,84.6616,1894.96
5.455,118.6824,4081.9287,84.4653,2047.11
5.9453,63.3075,4489.1996,72.4559,1904.68
1.2211,105.4817,3201.5385,74.4913,1928.9
7.5535,113.5529,5348.9215,71.5023,2011.65
1.3638,116.0591,4887.834,74.0758,1745.0
4.7891,117.2095,4466.5598,82.2393,2010.91
5.9634,86.5022,5071.0967,75.6747,1942.39
7.0968,118.4116,3200.4669,71.326,2195.44
5.9986,103.0117,4192.0972,75.1334,2071.46
6.6121,61.317,4575.2328,84.7208,1973.89
3.3762,83.383,5071.6323,79.4453,1813.12
6.7038,100.2832,4958.6739,76.2424,2034.85
1.5608,67.3138,3692.6731,72.4981,1840.85
7.2637,94.8431,5352.2004,84.7927,1983.36
4.8331,96.662,3310.8646,82.3127,2078.43
6.7211,61.389,5187.834,74.2222,1871.67
4.1662,89.556,5427.3506,71.051,1796.09
5.505,104.0139,3442.8838,70.8494,2135.59
4.6848,84.9227,4805.1652,71.8057,1840.11
6.1211,50.8472,3100.7138,78.7115,2019.64
1.5714,50.6327,4013.5571,83.9315,1764.12
1.4225,74.9921,4290.7082,77.4512,1771.21
2.7297,114.8336,4451.6131,82.6442,1893.3
2.1168,66.0074,5339.8431,76.6883,1673.27
7.1025,94.4055,4680.6267,80.6288,2052.55
2.5345,65.5453,4203.1949,80.9781,1829.24
7.8311,72.5169,5024.1876,72.6095,1981.2
3.3583,109.3629,5376.3321,75.4182,1842.46
2.2748,101.0203,3055.1654,79.5595,2046.17
6.5279,56.6779,5456.3032,71.0604,1844.0
5.611,80.0091,3215.3303,75.4231,2073.41
4.4874,52.0419,5035.9669,78.022,1785.97
4.8875,83.6623,3700.8369,84.9434,2001.73
6.0344,96.3704,3330.4491,77.118,2184.98
2.5992,58.2952,4099.6391,82.2409,1793.6
7.9743,70.2219,4609.8914,76.481,2021.18
7.8236,77.8486,3952.3796,81.9459,2092.59
5.5523,114.3672,3136.4135,78.9312,2195.72
2.3968,119.5279,4498.6528,83.2989,1915.42
5.7616,53.1438,5256.0082,76.1641,1797.15
1.5054,103.2706,3958.0384,79.0646,1870.65
1.2146,76.0207,3540.8319,79.4503,1778.16
2.8038,77.4721,4106.4434,76.2607,1842.24
4.2384,102.7985,3120.9068,72.1647,2076.39
7.0779,114.2899,5051.219,71.4034,2084.29
6.0902,116.565,5065.852,70.2501,1975.44
6.1989,90.3986,4470.0012,83.103,1981.64
3.9785,74.9985,3882.7572,73.5471,1886.08
3.4215,105.1284,4999.4584,73.1726,1810.3
3.5973,67.5701,4386.7176,81.0405,1865.09
7.9135,89.4852,5064.8308,74.8002,2063.82
1.2808,75.1005,4578.647,77.5907,1718.32
7.0692,95.9642,4961.0137,72.4377,2036.46
5.0507,66.8279,4496.4075,84.3962,1899.91
4.0703,63.4115,4035.3527,82.7737,1880.29
6.0768,114.2767,5394.8646,82.9568,1966.15
4.4067,57.1263,4352.7846,76.1016,1834.26
7.114,85.4171,4512.7238,81.4354,2001.43
7.3049,65.4597,3551.2191,72.1581,2088.62
3.952,52.7251,4564.127,70.1293,1777.19
2.9378,52.5213,4429.0191,70.2996,1759.37
5.1465,62.2655,3462.096,78.799,1987.31
7.3865,110.6739,3148.9677,76.8309,2242.29
2.4746,69.7735,4510.8983,77.7702,1741.95
5.3608,116.5321,4909.2307,70.1119,1975.42
5.4209,90.7136,4308.5034,76.3403,1999.95
6.1318,80.563,3566.9316,80.771,2043.88
1.921,90.6062,4666.3049,76.6404,1773.08
6.0108,86.1689,3200.2643,80.9833,2123.24
7.3632,103.1143,4104.5843,73.4953,2107.78
2.2578,69.7747,3408.4169,82.1971,1855.08
2.6628,74.7135,3461.1476,78.8265,1897.81
7.7998,112.5866,3505.7349,73.1614,2202.29
2.2668,116.252,3966.7676,73.5508,1926.37
6.9807,112.4791,3127.8755,79.4205,2214.19
4.4459,79.3614,3994.4836,82.4491,1971.5
2.7306,104.6256,4279.2686,76.2344,1942.97
7.0952,83.3435,4208.2357,73.8745,2031.59
4.1171,84.8278,3956.9603,83.0052,1960.09
4.6037,64.3276,5097.8665,80.039,1783.11
3.5146,91.3791,3363.3167,76.7213,2008.95
5.1507,63.0295,4264.2419,77.3185,1873.03
2.1447,73.2095,3155.1035,73.0638,1896.36
3.7376,109.8521,3177.8892,79.402,2041.0
7.7859,64.4953,4434.6646,75.3811,2014.96
2.8069,54.9811,4415.0461,84.9347,1737.92
5.5972,54.8305,5195.0838,77.2028,1833.79
3.2763,115.8549,4394.6842,77.2883,1908.99
6.4143,85.4844,5399.4776,78.4878,1926.01
1.9161,78.6588,3121.7371,83.7513,1897.3
7.7887,106.7615,3245.0192,82.0123,2252.0
4.1765,108.5078,3110.1647,76.767,2087.92
2.6524,73.2534,3463.1921,80.7805,1871.56
1.5145,98.5533,4353.1753,78.7935,1810.24
2.1883,103.9786,4613.9305,77.3855,1862.31
4.6384,95.8255,3113.9629,72.8847,2049.96
3.359,60.6117,5364.9272,76.959,1727.72
6.8022,111.3118,5105.4134,73.6873,2055.83
4.0162,87.7366,3741.5312,83.7226,1951.18
2.741,69.7731,3192.9688,75.0311,1868.36
5.32,79.766,3424.7177,84.284,2056.92
5.9474,52.63,3317.361,77.9958,2000.52
2.1693,58.9507,3308.2094,79.4732,1890.95
2.1733,103.5883,4296.4042,78.1441,1856.08
1.2567,50.0008,3614.6186,71.9407,1714.23
6.1548,79.1596,3895.3493,75.6373,2000.88
5.6466,86.5757,5473.7633,71.4872,1885.87
4.3224,53.8244,4710.7856,79.3443,1784.34
6.9092,118.1155,5372.4517,76.7031,2019.65
6.6397,65.8288,3356.3914,81.6698,2107.32
5.0975,71.2939,3955.3487,73.3071,1935.43
7.0779,71.276,4386.8295,72.4685,2000.96
2.4409,66.1292,3191.8952,76.095,1881.91
1.7834,50.1032,3010.4686,83.8988,1856.31
2.8882,101.0541,4676.0858,80.6563,1865.19
1.3996,117.6792,4604.5488,76.2839,1812.65
4.7182,65.7005,4026.972,77.7591,1915.69
7.5562,96.4133,4224.1102,71.2632,2094.03
1.2754,101.9327,4038.6075,84.7686,1804.95
1.8548,109.3898,3060.0126,79.9961,1986.65
4.1654,79.584,3838.429,74.2811,1982.11
7.5371,71.2052,3442.7056,78.7871,2106.69
3.2131,72.7707,3246.0605,71.6422,1906.11
4.5506,99.8835,5391.8011,84.4876,1843.02
1.291,107.1746,4498.3993,72.6218,1809.69
2.0384,62.713,4821.6407,79.7205,1707.33
7.9064,75.9659,3788.4094,73.6818,2112.95
7.7558,113.1358,3982.8678,80.7634,2170.54
1.0346,106.4685,3592.31,81.6523,1883.46
7.6627,118.9401,3242.4142,80.1013,2237.28
5.4738,102.7974,3447.5791,79.2175,2108.34
7.0754,77.5237,4993.7851,83.387,1995.07
4.1832,91.3446,4693.8645,71.1794,1843.62
4.6092,96.271,4367.3222,74.9637,1908.54
4.4219,55.4919,4187.7247,73.7243,1891.13
5.668,88.1148,5306.0857,84.8202,1885.02
1.9776,99.6525,3181.8374,75.8408,1971.99
1.2098,61.7125,3701.502,80.9892,1762.26
3.1555,104.6442,3874.8446,80.2709,1948.26
5.9328,90.8641,4956.0645,73.1812,1948.92
2.413,116.6555,5481.2866,73.585,1752.44
5.714,52.9696,3601.6763,74.2193,1972.6
7.7894,68.5728,5185.7683,76.1669,1947.04
1.6573,92.1088,5076.5569,73.5149,1682.74
5.7082,70.7592,3561.6435,70.2948,2020.02
4.1063,100.0097,3998.3315,83.1909,1973.71
7.077,103.1304,4024.1822,84.4841,2132.06
2.24,57.1761,5445.5517,75.1236,1592.82
5.8484,85.9698,3452.2298,75.0776,2114.52
6.8668,85.6223,4997.8949,70.1064,1984.68
7.6123,75.8497,3835.4818,80.2038,2131.1
5.7827,115.3047,4827.1759,82.3816,2010.62
4.4802,107.9254,4050.0275,72.1991,1953.89
5.3249,98.8047,4445.8994,72.395,2026.08
7.0823,100.0029,5081.5294,81.8512,2017.22
4.9943,82.3201,5010.4139,79.2444,1854.62
1.2127,114.4696,5166.058,70.6729,1746.63
7.5166,98.6217,3149.0433,79.3382,2255.67
5.8267,101.0287,4730.1264,74.6338,1982.27
5.7356,110.3184,3349.9684,75.5309,2172.84
2.5097,69.185,4039.5464,81.546,1843.89
5.6122,106.495,4371.471,82.164,2006.04
3.7571,63.6668,4006.8487,76.0053,1843.5
5.5586,74.1739,4299.0292,84.2073,1983.71
1.7462,73.4927,5491.3158,76.0969,1568.24
5.6049,118.4968,3338.0433,81.5775,2161.31
7.9959,109.9576,4688.6401,77.2582,2085.94
1.3375,99.0819,3990.0024,83.463,1828.86
7.8402,100.894,3332.5245,83.6164,2228.95
3.8484,89.3451,3396.8419,71.3113,1974.11
7.0953,116.2963,5373.1828,84.0474,2020.45
6.4767,84.7381,5199.0037,82.383,1911.93
4.9691,76.6362,5267.6049,81.8697,1893.39
6.1691,61.4125,5478.8319,73.0137,1870.31
7.1496,105.0344,3520.7885,82.0768,2162.05
3.829,101.4111,3888.5983,82.752,2019.8
3.2892,76.9049,4673.0476,74.3373,1790.94
5.6732,51.7635,4209.5063,84.2839,1921.77
6.6549,108.7298,4045.9738,70.7479,2104.51
6.336,50.7993,3894.5281,72.2486,1946.22
6.5847,99.259,4484.4516,78.0637,2070.63
4.0491,117.918,4438.9836,78.6369,1974.45
6.7248,80.6363,3403.6446,79.6773,2105.07
1.8415,66.4481,4179.3496,70.2545,1713.03
4.8114,99.341,4383.6794,84.4055,1954.82
1.0403,107.199,4425.7173,70.6688,1742.41
3.2721,88.2501,3525.268,72.1459,1940.23
3.5652,117.6925,4855.6785,70.2102,1862.32
3.7732,53.6168,3062.9977,78.5029,1927.52
5.8683,85.3357,3887.0796,83.984,2078.27
3.7199,100.2918,4950.5316,79.9892,1891.64
4.1409,110.3848,4409.7323,82.3399,1964.73
2.6628,62.5479,3652.9061,70.1992,1827.34
3.6128,106.0002,4737.3828,78.1302,1936.09
2.5909,88.6895,4418.4774,76.8934,1837.78
1.5124,77.7588,4990.609,77.4845,1678.99
5.2241,59.2201,4837.563,71.0832,1796.48
5.6775,110.5707,4525.2698,80.2665,2038.02
5.3364,61.0091,4220.4442,77.5483,1934.36
4.2445,71.6852,3332.9553,81.4772,1964.56
3.6585,70.3032,3653.3325,77.2794,1916.55
7.0433,110.999,4047.7487,72.2407,2124.16
